sichoson,2021-01-01,2021-01-02,2021-01-03,2021-01-04,2021-01-05,2021-01-06,2021-01-07,2021-01-08,2021-01-09,2021-01-10,2021-01-11,2021-01-12,2021-01-13,2021-01-14,2021-01-15,2021-01-16,2021-01-17,2021-01-18,2021-01-19,2021-01-20,2021-01-21,2021-01-22,2021-01-23,2021-01-24,2021-01-25,2021-01-26,2021-01-27,2021-01-28,2021-01-29,2021-01-30,2021-01-31,2021-02-01,2021-02-02,2021-02-03,2021-02-04,2021-02-05,2021-02-06,2021-02-07,2021-02-08,2021-02-09,2021-02-10,2021-02-11,2021-02-12,2021-02-13,2021-02-14,2021-02-15,2021-02-16,2021-02-17,2021-02-18,2021-02-19,2021-02-20,2021-02-21,2021-02-22,2021-02-23,2021-02-24,2021-02-25,2021-02-26,2021-02-27,2021-02-28,2021-03-01,2021-03-02,2021-03-03,2021-03-04,2021-03-05,2021-03-06,2021-03-07,2021-03-08,2021-03-09,2021-03-10,2021-03-11,2021-03-12,2021-03-13,2021-03-14,2021-03-15,2021-03-16,2021-03-17,2021-03-18,2021-03-19,2021-03-20,2021-03-21,2021-03-22,2021-03-23,2021-03-24,2021-03-25,2021-03-26,2021-03-27,2021-03-28,2021-03-29,2021-03-30,2021-03-31,2021-04-01,2021-04-02,2021-04-03,2021-04-04,2021-04-05,2021-04-06,2021-04-07,2021-04-08,2021-04-09,2021-04-10,2021-04-11,2021-04-12,2021-04-13,2021-04-14,2021-04-15,2021-04-16,2021-04-17,2021-04-18,2021-04-19,2021-04-20,2021-04-21,2021-04-22,2021-04-23,2021-04-24,2021-04-25,2021-04-26,2021-04-27,2021-04-28,2021-04-29,2021-04-30,2021-05-01,2021-05-02,2021-05-03,2021-05-04,2021-05-05,2021-05-06,2021-05-07,2021-05-08,2021-05-09,2021-05-10,2021-05-11,2021-05-12,2021-05-13,2021-05-14,2021-05-15,2021-05-16,2021-05-17,2021-05-18,2021-05-19,2021-05-20,2021-05-21,2021-05-22,2021-05-23,2021-05-24,2021-05-25,2021-05-26,2021-05-27,2021-05-28,2021-05-29,2021-05-30,2021-05-31,2021-06-01,2021-06-02,2021-06-03,2021-06-04,2021-06-05,2021-06-06,2021-06-07,2021-06-08,2021-06-09,2021-06-10,2021-06-11,2021-06-12,2021-06-13,2021-06-14,2021-06-15,2021-06-16,2021-06-17,2021-06-18,2021-06-19,2021-06-20,2021-06-21,2021-06-22,2021-06-23,2021-06-24,2021-06-25,2021-06-26,2021-06-27,2021-06-28,2021-06-29,2021-06-30,2021-07-01,2021-07-02,2021-07-03,2021-07-04,2021-07-05,2021-07-06,2021-07-07,2021-07-08,2021-07-09,2021-07-10,2021-07-11,2021-07-12,2021-07-13,2021-07-14,2021-07-15,2021-07-16,2021-07-17,2021-07-18,2021-07-19,2021-07-20,2021-07-21,2021-07-22,2021-07-23,2021-07-24,2021-07-25,2021-07-26,2021-07-27,2021-07-28,2021-07-29,2021-07-30,2021-07-31,2021-08-01,2021-08-02,2021-08-03,2021-08-04,2021-08-05,2021-08-06,2021-08-07,2021-08-08,2021-08-09,2021-08-10,2021-08-11,2021-08-12,2021-08-13,2021-08-14,2021-08-15,2021-08-16,2021-08-17,2021-08-18,2021-08-19,2021-08-20,2021-08-21,2021-08-22,2021-08-23,2021-08-24,2021-08-25,2021-08-26,2021-08-27,2021-08-28,2021-08-29,2021-08-30,2021-08-31,2021-09-01,2021-09-02,2021-09-03,2021-09-04,2021-09-05,2021-09-06,2021-09-07,2021-09-08,2021-09-09,2021-09-10,2021-09-11,2021-09-12,2021-09-13,2021-09-14,2021-09-15,2021-09-16,2021-09-17
千葉市,1571,1621,1664,1704,1743,1801,1848,1930,2003,2086,2133,2201,2257,2357,2407,2483,2543,2590,2711,2812,2912,3034,3116,3178,3232,3325,3349,3389,3479,3522,3553,3590,3625,3653,3674,3709,3748,3774,3799,3811,3827,3863,3887,3902,3929,3944,3967,3989,4002,4028,4043,4095,4112,4118,4138,4159,4178,4199,4218,4231,4247,4259,4276,4305,4320,4338,4352,4360,4380,4390,4414,4427,4457,4468,4486,4501,4510,4531,4545,4557,4570,4583,4598,4606,4657,4671,4685,4702,4713,4733,4740,4759,4773,4796,4812,4817,4836,4845,4859,4868,4880,4892,4902,4920,4957,4978,5029,5058,5084,5110,5133,5145,5174,5187,5209,5225,5247,5279,5300,5333,5354,5390,5408,5434,5451,5460,5469,5489,5508,5535,5552,5579,5595,5626,5645,5660,5673,5687,5699,5706,5732,5757,5774,5789,5797,5809,5821,5836,5854,5873,5883,5888,5907,5924,5943,5965,5984,6000,6012,6029,6044,6068,6079,6094,6107,6111,6125,6138,6157,6169,6189,6202,6216,6231,6243,6257,6263,6282,6300,6316,6339,6352,6380,6409,6427,6442,6459,6478,6511,6541,6569,6591,6614,6636,6668,6703,6748,6790,6827,6864,6888,6944,7009,7086,7171,7221,7318,7417,7551,7663,7862,7996,8163,8335,8447,8619,8786,9052,9281,9500,9718,9900,10063,10332,10564,10888,11155,11367,11563,11833,12123,12448,12696,12928,13169,13315,13497,13674,13833,14200,14397,14598,14792,14906,15092,15254,15508,15656,15748,15847,15912,16019,16094,16181,16264,16365,16415,16452,16501,16555
銚子市,42,42,42,42,42,43,43,43,44,45,45,45,45,46,47,49,50,50,53,53,53,54,55,55,55,55,55,55,55,55,55,55,56,56,56,56,56,57,57,57,57,57,57,57,57,57,57,57,58,58,58,58,59,60,60,60,60,61,62,62,62,62,62,62,62,62,62,62,62,62,63,63,64,64,64,64,64,64,64,64,64,64,64,65,65,66,66,71,71,72,72,72,72,73,73,73,73,73,73,73,73,73,73,74,74,76,76,77,77,77,77,77,77,76,76,76,76,76,76,76,76,76,76,77,77,77,77,79,79,80,81,82,85,86,88,91,93,93,96,96,96,97,97,97,97,97,98,98,99,99,99,99,99,99,99,99,101,101,101,102,103,103,103,103,103,103,103,105,106,106,107,107,107,108,108,110,110,114,114,114,114,115,117,117,117,117,128,128,128,152,153,162,164,164,169,179,188,190,191,191,192,192,197,200,201,201,201,201,209,212,221,237,246,254,268,284,295,308,321,339,348,354,363,374,383,390,403,407,411,420,431,436,444,448,454,458,464,474,477,481,492,494,497,503,507,509,513,517,519,523,526,531,540,541,543,549,555,555,557,560
市川市,1123,1162,1173,1193,1213,1241,1279,1298,1324,1351,1379,1466,1527,1569,1647,1689,1734,1778,1811,1866,1897,1926,1956,1994,2029,2056,2073,2104,2121,2147,2169,2184,2196,2209,2226,2254,2300,2315,2320,2330,2345,2352,2360,2367,2379,2385,2399,2410,2421,2447,2461,2472,2481,2490,2501,2507,2517,2527,2548,2566,2572,2584,2604,2620,2639,2659,2671,2675,2690,2701,2714,2735,2753,2760,2770,2779,2792,2800,2812,2818,2837,2841,2856,2868,2884,2893,2909,2918,2929,2944,2996,3012,3017,3030,3037,3042,3048,3058,3073,3084,3093,3101,3104,3108,3118,3141,3152,3160,3173,3187,3194,3209,3239,3255,3268,3276,3297,3311,3328,3359,3370,3399,3416,3437,3446,3462,3470,3488,3510,3530,3538,3556,3572,3591,3614,3637,3650,3657,3667,3680,3688,3703,3704,3709,3724,3749,3763,3784,3793,3805,3822,3831,3837,3845,3856,3862,3864,3870,3875,3878,3885,3892,3895,3898,3903,3908,3919,3931,3944,3949,3957,3961,3964,3975,3994,4007,4018,4025,4044,4053,4062,4073,4082,4094,4107,4124,4134,4151,4163,4186,4208,4228,4252,4280,4305,4332,4380,4397,4422,4459,4493,4517,4561,4583,4594,4610,4719,4785,4843,4892,4968,5112,5233,5357,5457,5547,5622,5730,5822,5983,6104,6233,6346,6462,6556,6662,6863,7134,7262,7456,7567,7728,7826,7874,7952,7996,8021,8052,8103,8243,8384,8446,8578,8729,8842,9059,9315,9564,9689,9811,9864,9924,9964,10012,10058,10069,10102,10133,10157,10183
船橋市,1610,1646,1675,1720,1756,1792,1839,1904,1959,2012,2062,2101,2145,2200,2238,2274,2365,2411,2465,2502,2550,2606,2659,2682,2733,2754,2782,2820,2859,2882,2906,2927,2973,3004,3029,3055,3085,3106,3121,3136,3160,3177,3195,3208,3223,3245,3262,3282,3303,3319,3344,3372,3388,3408,3428,3450,3465,3502,3522,3542,3552,3584,3600,3625,3641,3654,3666,3680,3703,3732,3747,3775,3791,3804,3817,3839,3854,3882,3900,3919,3932,3948,3962,3976,3984,4005,4017,4033,4042,4063,4081,4097,4113,4129,4142,4155,4163,4176,4188,4205,4218,4234,4242,4255,4272,4292,4308,4328,4340,4351,4366,4387,4400,4414,4435,4448,4459,4485,4499,4510,4524,4545,4573,4585,4598,4615,4625,4647,4666,4683,4701,4728,4749,4768,4787,4803,4806,4817,4840,4860,4886,4904,4912,4922,4934,4951,4972,4982,4995,5007,5018,5025,5033,5047,5054,5065,5075,5081,5090,5101,5112,5121,5128,5145,5152,5164,5170,5186,5199,5215,5232,5234,5244,5257,5268,5282,5296,5303,5309,5319,5335,5346,5361,5375,5396,5405,5417,5451,5484,5503,5543,5584,5595,5610,5644,5678,5710,5755,5799,5832,5868,5922,5966,6011,6059,6124,6184,6216,6290,6404,6468,6544,6619,6679,6816,6979,7152,7321,7489,7662,7780,7914,8028,8157,8304,8405,8539,8689,8839,9118,9295,9467,9669,9847,10000,10075,10234,10406,10529,10767,10883,11023,11148,11319,11432,11522,11636,11730,11755,11810,11887,11960,12000,12032,12092,12122,12147,12185,12225,12251
館山市,38,38,38,38,40,40,40,40,41,41,41,41,41,41,41,43,43,43,43,43,43,43,43,43,43,44,44,44,44,44,44,44,44,44,44,44,44,44,44,44,44,44,44,44,44,44,44,44,44,44,44,45,45,45,45,45,47,51,55,55,55,56,56,56,56,56,56,56,56,57,57,57,57,57,58,58,58,58,58,58,59,59,59,59,60,60,60,60,60,60,60,60,60,60,60,60,60,60,60,60,60,60,60,60,60,60,60,60,60,60,60,60,60,60,60,60,60,60,60,60,60,60,60,60,60,60,60,61,61,61,62,65,66,66,66,66,67,67,67,67,67,67,67,67,67,67,67,68,69,69,69,69,69,69,69,69,69,69,69,69,69,69,69,69,69,69,70,70,72,73,73,74,74,74,74,74,74,74,74,74,75,75,75,75,75,75,75,75,75,76,76,76,76,76,77,77,77,77,77,80,81,83,83,83,83,83,87,87,91,91,93,95,95,96,98,106,112,121,128,128,139,139,141,154,161,161,161,182,182,210,224,244,262,283,288,293,297,310,313,332,332,336,344,347,353,353,356,356,357,357,357,357,360,361,362,363,364,365,365,365
木更津市,190,193,195,195,198,201,209,223,235,235,235,251,254,259,267,271,271,275,282,283,321,326,329,329,329,348,352,359,363,365,365,366,369,371,375,380,380,380,382,385,387,387,387,387,387,389,390,391,395,397,398,398,398,398,398,398,398,398,398,398,399,401,401,401,401,401,401,402,405,405,408,411,411,418,422,427,432,436,439,439,443,443,445,446,452,453,453,453,455,455,455,455,458,458,459,459,459,462,468,470,470,473,475,475,479,479,479,479,479,484,486,491,492,494,494,497,500,502,502,508,509,509,509,509,509,509,509,509,509,510,511,511,511,511,511,511,516,519,520,522,525,531,531,533,534,534,536,537,539,539,543,544,546,552,558,567,567,574,582,588,593,597,599,599,604,611,622,633,640,647,647,649,652,663,667,674,677,677,681,686,689,692,694,699,700,703,704,705,706,707,709,709,709,710,712,716,717,721,721,722,730,734,739,739,745,745,759,763,784,802,826,844,845,880,893,912,930,950,971,972,1015,1034,1049,1067,1094,1103,1103,1156,1170,1211,1246,1267,1296,1296,1350,1359,1383,1415,1439,1454,1455,1496,1516,1539,1565,1575,1584,1585,1602,1614,1624,1635,1639,1644,1644,1646,1649,1654,1660,1665
松戸市,1138,1147,1159,1167,1181,1195,1228,1265,1300,1323,1348,1397,1445,1496,1527,1577,1639,1658,1693,1727,1757,1803,1830,1859,1879,1897,1919,1936,1955,1974,1987,1994,1998,2001,2016,2031,2037,2044,2059,2062,2073,2080,2089,2093,2097,2103,2113,2127,2142,2144,2160,2174,2178,2184,2192,2202,2217,2224,2233,2239,2248,2259,2270,2280,2292,2298,2309,2318,2325,2338,2346,2363,2378,2387,2392,2400,2413,2429,2440,2451,2463,2472,2483,2487,2493,2503,2512,2532,2537,2545,2559,2564,2570,2582,2592,2596,2604,2611,2621,2629,2634,2645,2653,2658,2668,2685,2696,2708,2721,2725,2731,2745,2756,2768,2782,2785,2791,2799,2815,2826,2832,2846,2865,2876,2889,2901,2910,2925,2941,2965,2975,2992,3005,3020,3030,3040,3054,3057,3068,3074,3087,3094,3104,3108,3111,3116,3125,3130,3141,3149,3161,3166,3181,3191,3201,3206,3211,3212,3216,3224,3231,3240,3248,3255,3257,3258,3267,3274,3276,3283,3294,3300,3303,3314,3320,3329,3336,3345,3352,3353,3367,3381,3396,3412,3430,3453,3460,3475,3502,3518,3538,3551,3554,3575,3593,3613,3640,3658,3688,3700,3710,3733,3759,3778,3807,3840,3885,3922,3957,4008,4079,4132,4179,4289,4402,4460,4504,4574,4647,4707,4789,4844,4951,5005,5074,5166,5270,5388,5493,5635,5727,5813,5977,6112,6249,6404,6612,6827,7008,7173,7288,7379,7480,7535,7652,7758,7818,8026,8127,8208,8284,8337,8407,8453,8499,8525,8566,8628,8650,8681
野田市,227,229,232,234,236,243,254,267,276,285,286,291,294,300,302,315,323,335,344,350,363,371,405,414,429,434,440,447,459,469,472,475,480,493,506,517,521,526,527,534,536,537,539,539,541,549,549,551,551,554,555,555,555,556,558,561,563,564,567,568,568,569,569,570,570,570,571,572,572,574,574,574,578,578,580,580,580,580,580,584,586,588,591,591,592,593,596,600,602,604,605,606,608,610,612,612,615,616,617,617,620,621,622,630,632,636,637,639,654,661,661,663,665,667,672,680,683,688,692,698,699,704,710,715,719,724,729,735,740,752,757,763,769,771,773,782,786,789,795,796,801,802,803,806,809,812,817,820,824,826,826,829,831,833,834,841,843,843,844,847,847,850,852,855,855,858,858,859,862,866,868,868,869,869,873,875,875,875,875,877,881,882,883,884,885,886,889,890,896,899,903,904,905,906,908,913,913,917,922,925,927,933,936,946,947,951,963,965,974,977,998,1010,1030,1048,1053,1077,1089,1101,1122,1127,1135,1151,1154,1159,1190,1215,1216,1233,1283,1320,1320,1385,1445,1456,1472,1518,1534,1560,1589,1608,1635,1635,1694,1719,1724,1742,1771,1785,1785,1801,1801,1818,1825,1840,1847,1854,1857,1870,1872,1875
茂原市,50,50,53,53,54,54,57,59,63,66,71,73,76,77,83,89,89,94,95,96,100,101,107,111,115,115,116,119,121,122,122,132,134,134,134,135,138,139,139,139,140,142,142,142,142,142,142,142,142,142,142,145,146,147,148,148,149,150,151,155,155,156,157,157,158,158,158,158,159,159,159,162,164,166,166,167,167,167,167,167,168,169,171,172,172,173,175,177,177,177,179,179,179,179,184,184,184,184,185,186,194,194,196,200,202,204,204,206,206,206,207,208,208,211,212,212,213,214,214,217,217,218,219,219,219,219,220,221,222,222,222,222,232,234,235,235,235,235,235,236,236,237,237,237,237,238,238,238,239,240,240,240,241,241,242,242,242,243,243,244,244,244,244,248,250,250,250,252,253,253,253,253,253,253,251,251,251,251,251,251,253,254,254,254,254,255,255,255,257,257,257,260,263,263,263,265,268,268,268,270,274,275,275,280,286,288,289,293,293,300,307,316,319,319,324,331,343,348,357,363,387,390,403,406,416,435,451,472,483,495,522,545,575,575,587,604,611,639,647,669,680,687,699,701,709,716,719,723,729,732,740,745,750,753,757,762,762,766,768,769
成田市,163,166,172,174,181,182,192,198,207,214,230,238,260,267,282,294,305,317,327,334,347,359,368,379,385,392,408,420,433,449,457,462,478,493,503,523,548,560,572,575,580,587,598,600,604,608,608,610,615,619,620,621,631,637,638,640,643,645,649,651,651,652,659,662,671,672,676,678,681,682,683,683,684,684,685,685,686,686,686,686,686,686,688,688,689,689,689,690,690,691,691,691,691,691,691,691,691,692,692,694,694,694,695,695,697,698,698,698,699,699,699,701,701,701,703,703,704,704,708,711,711,711,712,715,716,717,719,723,726,730,730,732,738,746,748,748,751,753,755,759,762,773,776,778,780,783,783,786,789,793,793,795,796,800,803,810,810,812,813,815,817,817,819,822,827,828,829,833,835,842,846,851,858,862,871,879,887,899,914,918,925,931,940,944,947,948,949,949,951,953,956,960,962,962,968,972,974,977,981,983,984,991,996,1002,1005,1008,1012,1016,1023,1026,1030,1051,1059,1063,1065,1076,1085,1096,1104,1124,1128,1141,1152,1163,1182,1201,1244,1254,1262,1271,1291,1338,1360,1368,1373,1402,1434,1456,1467,1496,1511,1516,1550,1563,1585,1610,1629,1649,1670,1676,1693,1712,1722,1730,1737,1745,1757,1762,1774,1775
佐倉市,263,264,267,267,269,275,282,286,291,306,323,324,328,343,376,392,397,410,417,422,440,447,448,461,461,480,493,501,513,521,537,546,557,573,581,588,593,596,599,599,600,606,607,610,613,618,646,652,665,674,676,679,684,688,691,691,692,693,695,695,695,699,701,702,705,706,706,707,707,708,708,711,714,717,717,719,722,726,728,729,739,739,743,744,751,756,761,763,767,768,778,780,782,790,792,792,792,792,793,796,796,798,798,799,802,806,809,810,811,811,811,813,813,815,817,821,821,824,825,828,829,829,832,836,837,840,845,845,848,852,855,856,866,872,873,876,879,883,886,892,895,895,898,899,899,899,900,902,903,908,908,909,910,912,913,914,916,917,917,918,921,921,923,923,924,925,927,932,933,933,939,940,940,942,952,955,962,964,964,967,982,983,990,996,1001,1001,1013,1016,1018,1023,1028,1035,1037,1038,1041,1046,1050,1055,1057,1063,1066,1071,1076,1085,1094,1101,1112,1114,1132,1144,1158,1169,1178,1180,1186,1191,1226,1256,1267,1270,1278,1282,1297,1313,1323,1332,1346,1390,1411,1452,1463,1525,1612,1682,1798,1856,1889,1904,1944,1985,2033,2064,2114,2140,2146,2176,2205,2231,2239,2246,2255,2267,2275,2294,2307,2311,2325,2334,2341,2348
東金市,31,31,31,32,32,32,36,39,44,47,51,52,53,54,61,68,73,76,80,81,89,92,95,96,97,100,101,109,110,110,110,114,114,114,116,117,117,117,118,118,118,120,120,120,120,122,124,127,128,129,129,131,133,134,136,137,137,137,138,139,139,148,148,150,150,150,150,151,152,152,153,153,153,154,155,155,157,157,157,157,158,158,158,160,160,160,161,161,161,162,162,162,162,162,162,162,162,163,164,164,164,165,166,166,166,166,166,166,166,167,171,171,171,171,171,172,173,173,173,175,175,175,175,176,176,177,177,177,177,179,179,179,179,181,181,181,181,181,181,181,181,181,181,182,183,184,184,186,186,186,187,187,188,188,189,189,189,191,191,192,194,195,195,195,197,198,198,198,198,198,198,201,201,204,205,206,206,206,210,210,211,212,217,217,217,222,225,228,230,237,243,243,243,248,249,253,254,255,255,263,263,264,265,267,271,271,272,274,280,286,294,307,307,316,321,330,335,335,345,356,356,359,360,367,370,375,378,404,416,434,444,455,468,482,492,500,514,520,534,536,540,545,546,548,558,571,577,586,594,595,605,615,618,622,622,626,627,627,632,634
旭市,23,23,25,25,25,25,26,26,29,29,30,30,30,30,30,30,30,32,32,32,32,32,32,32,32,32,32,34,34,38,38,38,39,39,39,39,39,39,39,39,39,39,39,39,39,39,39,39,39,39,39,39,39,39,39,40,40,40,40,40,40,41,41,41,41,41,41,41,41,41,41,41,42,42,42,42,43,44,44,44,44,44,44,44,44,45,47,47,49,49,49,49,49,49,49,49,49,49,49,49,49,53,53,56,56,57,62,87,88,88,88,88,91,105,107,107,107,107,107,107,107,109,110,110,110,110,110,111,111,111,111,111,111,111,113,116,116,116,116,117,120,120,120,120,121,123,123,128,128,128,129,129,130,131,131,131,132,132,140,140,140,141,142,142,142,142,143,144,144,144,144,145,145,147,147,148,148,152,152,153,153,155,156,157,157,157,158,158,159,159,160,160,160,160,160,160,160,161,161,161,162,162,162,164,164,164,164,164,165,165,165,172,185,185,189,191,207,207,226,249,249,249,256,256,256,278,292,293,305,314,324,332,340,352,354,371,373,388,395,409,411,426,429,441,443,448,462,464,464,471,472,474,474,476,476,477,477,478,478,478
習志野市,412,412,426,428,439,447,481,498,518,527,537,541,548,560,582,592,609,615,628,637,651,661,669,673,681,692,694,701,706,715,717,721,726,730,732,737,738,742,746,748,748,751,752,754,758,761,765,768,771,773,778,782,783,785,787,793,795,816,827,830,835,841,846,848,852,853,854,856,857,869,876,880,883,884,887,890,901,906,911,920,922,924,926,930,937,940,942,944,947,950,955,959,961,964,967,968,971,973,975,981,985,987,990,992,995,996,997,999,1003,1005,1011,1015,1018,1024,1025,1030,1031,1033,1042,1050,1053,1059,1059,1063,1074,1077,1079,1086,1095,1097,1100,1103,1109,1114,1118,1124,1130,1133,1135,1140,1146,1151,1155,1162,1166,1168,1174,1179,1184,1187,1189,1192,1194,1195,1200,1206,1212,1214,1215,1220,1222,1225,1227,1231,1240,1247,1251,1253,1254,1258,1263,1266,1267,1269,1272,1274,1275,1280,1285,1288,1298,1304,1308,1317,1322,1323,1325,1334,1343,1349,1359,1371,1378,1385,1392,1411,1424,1433,1445,1448,1450,1451,1456,1484,1492,1501,1512,1517,1525,1532,1543,1553,1570,1589,1601,1622,1633,1658,1672,1685,1698,1736,1764,1796,1826,1885,1889,1947,1990,2020,2065,2120,2157,2161,2220,2249,2348,2399,2503,2602,2668,2713,2811,2872,2927,2984,3022,3050,3075,3094,3124,3136,3154,3159,3173,3180,3182,3190,3198,3205
柏市,904,914,940,952,969,996,1041,1071,1124,1165,1180,1196,1238,1262,1292,1343,1375,1387,1415,1444,1471,1514,1551,1571,1581,1603,1622,1647,1663,1685,1701,1706,1724,1734,1746,1760,1775,1779,1791,1806,1811,1814,1817,1833,1841,1843,1848,1853,1854,1856,1860,1870,1872,1885,1888,1897,1899,1908,1910,1918,1926,1934,1934,1940,1945,1945,1946,1954,1958,1964,1967,1974,1974,1978,1981,1986,1998,2009,2011,2011,2014,2023,2027,2034,2037,2045,2045,2049,2061,2069,2072,2076,2080,2083,2092,2104,2111,2122,2128,2132,2138,2141,2149,2154,2169,2178,2192,2202,2203,2224,2231,2246,2256,2276,2284,2287,2310,2315,2334,2338,2352,2366,2369,2373,2390,2393,2412,2423,2433,2440,2452,2468,2475,2489,2507,2517,2521,2536,2547,2554,2562,2572,2581,2585,2592,2600,2612,2624,2630,2636,2637,2646,2651,2656,2659,2665,2666,2667,2671,2678,2682,2685,2687,2692,2692,2702,2707,2711,2728,2731,2733,2735,2741,2745,2755,2764,2772,2776,2784,2796,2804,2814,2826,2839,2850,2859,2871,2879,2891,2895,2909,2922,2923,2944,2959,2982,3003,3036,3063,3066,3094,3125,3172,3195,3208,3241,3254,3299,3350,3414,3476,3564,3632,3651,3715,3774,3846,3927,4027,4092,4143,4166,4287,4393,4522,4618,4721,4771,4912,5030,5142,5304,5444,5591,5624,5704,5864,5980,6075,6154,6255,6284,6342,6451,6523,6596,6647,6694,6716,6755,6810,6849,6870,6898,6923,6936,6959,6984,7007,7024
勝浦市,7,7,8,8,8,8,9,9,11,11,12,12,12,12,17,17,21,21,21,21,23,23,24,25,25,25,27,27,27,27,27,27,27,27,27,27,27,27,27,27,27,27,27,27,27,27,27,27,27,27,27,27,27,27,27,27,27,27,27,27,27,27,27,27,27,27,27,27,28,28,29,29,29,29,29,29,29,29,29,29,29,29,29,29,29,29,31,31,32,33,35,36,36,37,37,37,37,38,38,38,38,38,38,38,38,38,38,38,38,38,38,38,38,38,38,38,38,38,38,38,38,38,38,38,38,38,38,38,42,42,42,42,42,42,42,42,42,42,42,43,46,46,46,46,46,46,47,47,47,47,47,47,47,47,47,48,48,48,48,48,48,48,48,48,49,49,49,49,49,49,49,49,49,49,49,49,49,49,49,49,50,52,52,52,52,52,54,54,54,54,54,54,54,55,55,55,55,55,55,56,56,57,57,57,57,57,58,58,58,59,59,59,59,59,61,61,61,62,62,62,62,62,62,64,64,64,64,64,66,67,68,69,74,74,75,80,83,89,92,92,92,94,96,97,97,98,98,98,99,99,100,101,101,101,101,101,101,101,107,110
市原市,347,355,359,369,380,395,409,428,450,457,459,490,498,514,528,550,550,566,580,594,609,617,626,627,640,645,648,654,657,662,663,663,667,674,682,686,690,690,693,695,700,703,707,718,719,728,729,730,735,738,744,744,748,748,753,755,760,766,766,787,797,802,807,813,820,820,823,825,829,836,838,845,847,848,849,852,855,855,860,860,860,863,868,872,872,875,877,883,888,888,896,901,906,906,906,914,915,924,926,926,926,937,937,941,943,948,950,950,950,954,959,968,970,975,978,980,981,985,992,997,997,997,1007,1009,1011,1011,1012,1013,1013,1020,1024,1029,1031,1038,1038,1038,1055,1055,1060,1060,1066,1066,1068,1073,1076,1081,1083,1089,1089,1089,1093,1093,1097,1097,1105,1120,1131,1137,1143,1154,1161,1178,1189,1204,1219,1230,1243,1260,1276,1293,1300,1319,1326,1341,1351,1364,1367,1372,1382,1385,1391,1401,1408,1415,1425,1427,1436,1438,1443,1449,1453,1459,1462,1465,1470,1472,1484,1496,1510,1521,1528,1544,1550,1557,1572,1580,1598,1607,1635,1648,1662,1690,1730,1761,1777,1789,1831,1856,1885,1924,1946,1982,2008,2031,2059,2124,2265,2312,2351,2396,2516,2551,2630,2665,2698,2749,2793,2848,2881,2920,2945,2959,3003,3034,3052,3087,3110,3125,3131,3160,3169,3187,3197,3201,3208,3206,3223,3229,3248,3256
流山市,362,367,371,377,383,399,419,431,439,447,456,479,491,508,519,540,556,563,573,575,589,595,613,623,635,643,653,672,685,700,715,720,723,730,741,755,761,764,765,766,770,773,777,782,785,787,800,809,814,829,834,835,837,837,845,846,849,854,855,857,857,858,860,861,861,862,862,862,862,863,865,865,866,866,867,868,870,871,872,875,875,876,877,881,885,887,889,891,891,892,894,897,902,906,908,908,914,915,917,924,927,929,930,935,940,944,949,955,957,959,963,968,970,978,980,983,985,987,995,995,996,1000,1004,1007,1009,1010,1015,1027,1035,1038,1041,1048,1058,1063,1073,1077,1079,1081,1090,1094,1108,1113,1118,1123,1123,1130,1130,1134,1136,1139,1140,1140,1145,1150,1151,1157,1158,1159,1161,1161,1163,1166,1169,1171,1171,1172,1174,1174,1178,1179,1180,1180,1181,1183,1185,1187,1191,1192,1194,1194,1198,1200,1202,1206,1214,1220,1221,1222,1237,1243,1249,1249,1254,1255,1265,1271,1280,1285,1293,1298,1300,1305,1322,1327,1331,1340,1347,1355,1365,1377,1396,1413,1427,1457,1481,1491,1515,1530,1556,1571,1602,1608,1636,1652,1674,1713,1745,1769,1806,1841,1870,1892,1939,2001,2049,2093,2163,2226,2298,2351,2385,2425,2448,2471,2502,2519,2542,2598,2619,2633,2658,2670,2695,2709,2719,2723,2735,2754,2763,2769
八千代市,383,392,409,416,440,467,509,526,560,580,601,605,621,638,665,687,699,716,761,773,785,790,797,808,819,824,838,854,863,877,880,883,888,893,899,907,910,917,919,924,935,940,944,947,951,953,955,955,960,962,964,969,971,975,977,978,980,981,982,984,986,990,994,995,997,1024,1027,1035,1041,1049,1051,1056,1058,1062,1065,1067,1081,1084,1089,1098,1098,1102,1108,1118,1122,1130,1136,1140,1141,1144,1146,1148,1156,1165,1169,1169,1175,1179,1179,1184,1187,1189,1192,1197,1203,1209,1221,1224,1227,1227,1232,1238,1240,1244,1252,1259,1263,1272,1274,1284,1285,1290,1298,1298,1307,1309,1309,1314,1319,1323,1326,1331,1336,1342,1349,1355,1361,1370,1377,1381,1387,1387,1393,1397,1403,1407,1410,1413,1417,1423,1429,1433,1446,1448,1452,1455,1457,1459,1465,1469,1475,1478,1485,1490,1493,1496,1501,1507,1511,1522,1530,1530,1535,1536,1541,1543,1547,1550,1553,1554,1556,1560,1563,1568,1574,1577,1581,1588,1597,1603,1613,1623,1627,1635,1643,1653,1660,1665,1680,1685,1691,1702,1714,1732,1741,1751,1769,1774,1784,1801,1829,1840,1862,1888,1908,1920,1936,1960,2011,2039,2059,2091,2131,2166,2186,2255,2260,2343,2411,2456,2504,2568,2611,2626,2692,2729,2810,2876,2971,3038,3087,3150,3213,3276,3336,3401,3435,3454,3486,3504,3534,3556,3584,3600,3620,3641,3654,3665,3681,3684
我孫子市,293,293,296,296,300,306,306,317,325,328,337,344,356,361,366,382,387,391,412,425,430,440,453,474,479,482,490,495,501,518,529,531,531,535,537,545,548,549,552,556,564,565,567,568,569,571,573,580,580,582,583,584,585,586,588,589,590,592,593,593,593,593,597,597,598,599,598,600,600,600,601,601,601,603,605,605,605,606,606,606,607,608,609,613,615,616,617,618,620,624,625,626,626,634,637,638,639,642,642,647,650,653,654,654,654,655,655,655,657,658,660,662,662,662,668,669,677,680,680,696,696,701,704,708,712,718,719,725,725,735,739,747,751,751,752,756,760,760,760,762,764,767,770,770,771,771,774,775,776,776,776,778,778,778,783,784,785,786,787,787,790,792,794,795,795,795,797,797,799,800,801,802,802,805,806,808,809,812,817,819,820,822,824,826,827,830,832,832,838,839,841,843,846,848,849,849,852,854,860,866,868,876,878,881,881,885,899,905,910,919,934,943,953,958,979,993,998,1014,1029,1035,1051,1072,1091,1100,1109,1127,1158,1188,1202,1213,1221,1241,1269,1305,1335,1351,1394,1430,1480,1525,1548,1565,1574,1590,1608,1617,1626,1655,1672,1687,1706,1712,1727,1731,1740,1744,1752,1760,1762,1769
鴨川市,13,13,13,13,14,16,17,19,20,20,20,20,21,28,29,30,30,30,32,37,37,44,45,45,45,46,46,48,49,49,49,49,49,50,51,52,52,53,53,54,54,54,54,54,54,54,54,54,54,54,54,54,54,54,54,54,54,54,54,54,54,54,54,54,54,54,54,54,54,54,54,54,54,54,54,54,54,54,54,54,57,59,59,59,59,59,59,59,59,59,59,59,59,59,59,59,59,59,59,59,59,59,59,59,59,60,60,60,60,60,60,60,60,60,60,60,60,60,60,60,60,60,60,60,60,63,63,65,65,65,65,65,65,66,66,66,66,66,66,66,66,66,66,66,66,66,66,67,68,68,68,68,68,68,69,69,69,69,69,69,69,69,69,69,69,69,70,70,72,75,75,76,76,76,76,76,76,76,76,76,76,76,76,76,76,76,76,76,76,76,76,76,76,76,76,76,76,76,76,76,76,76,76,76,76,76,76,76,77,77,77,77,77,78,78,86,86,87,88,88,89,89,89,93,102,102,103,106,112,116,124,133,137,141,142,146,159,164,174,175,175,176,179,183,187,190,191,191,191,192,194,195,195,195,195,195,196,196,196,196
鎌ケ谷市,206,211,218,223,236,243,257,262,276,285,294,294,300,311,321,324,332,334,342,350,362,367,374,384,384,395,403,407,409,413,417,418,419,421,425,426,427,428,432,434,438,440,442,442,446,447,451,454,457,461,464,467,467,469,474,475,477,480,482,483,483,487,488,491,493,494,494,496,499,503,506,509,510,511,511,514,516,518,519,519,519,520,523,527,531,534,539,543,545,545,545,545,547,548,550,551,551,553,554,556,559,559,559,561,563,565,568,568,568,568,571,572,575,578,580,580,582,585,588,589,589,590,590,592,593,594,594,596,600,601,603,607,609,612,614,616,617,619,621,626,632,634,635,635,635,635,637,639,639,640,640,641,642,643,643,644,644,644,644,646,647,647,648,651,652,653,656,656,657,657,658,661,663,667,667,667,671,675,675,675,680,680,683,683,684,686,689,690,691,695,703,707,710,711,719,724,732,739,742,745,745,747,756,762,768,772,778,781,784,790,797,802,815,824,825,835,849,858,865,872,880,896,913,934,947,978,987,1011,1032,1065,1097,1130,1150,1152,1180,1195,1222,1249,1290,1332,1353,1372,1400,1424,1456,1478,1492,1499,1511,1518,1535,1541,1550,1555,1563,1565,1577,1593,1594,1600
君津市,54,57,57,57,58,60,62,64,67,67,67,72,72,77,83,91,91,94,96,96,100,106,107,107,107,113,114,114,115,116,116,119,121,121,124,125,125,125,126,127,127,127,128,128,128,128,128,129,133,134,134,134,134,134,137,137,138,139,139,139,139,139,140,140,140,140,140,140,140,142,142,143,143,143,143,144,145,146,146,146,146,146,146,146,148,148,148,148,148,148,148,148,149,149,150,150,150,150,151,152,152,153,154,154,154,156,158,158,159,159,159,159,159,159,159,161,163,163,163,163,164,164,165,165,165,166,166,167,167,169,169,169,169,169,171,171,174,174,175,175,176,176,176,176,177,179,181,182,183,183,190,194,195,199,203,210,210,211,214,217,221,222,225,225,225,226,230,231,239,244,244,248,250,251,251,251,256,256,259,260,263,266,268,269,269,270,272,273,275,276,278,278,278,281,284,285,288,291,291,294,298,299,301,301,303,303,307,310,324,326,330,337,339,358,367,375,382,392,406,406,424,437,442,456,475,478,478,502,513,532,548,560,570,571,590,593,612,619,639,657,658,679,687,696,703,714,719,719,730,736,739,747,752,752,752,755,756,759,760,761
富津市,13,14,15,15,16,16,17,17,18,19,19,20,21,22,25,25,25,28,28,28,30,30,31,31,31,31,31,32,33,35,35,38,38,38,38,38,38,39,40,40,40,40,42,43,43,46,48,48,48,49,49,49,50,50,53,55,55,56,56,56,56,56,56,56,56,56,56,56,56,56,56,56,56,56,56,56,56,57,58,58,59,59,59,59,59,59,59,59,59,59,59,59,59,59,59,59,60,60,60,60,60,61,62,62,62,62,62,62,62,63,63,65,65,65,65,65,65,65,65,65,65,65,65,65,65,66,66,67,67,68,69,69,72,72,72,72,72,73,73,73,73,73,73,76,81,84,86,86,86,86,87,88,91,93,97,99,99,102,102,102,103,105,105,105,105,108,108,112,115,118,118,118,118,118,118,123,124,124,126,126,127,130,132,132,132,132,133,134,134,137,137,137,138,139,140,141,142,142,142,145,145,145,146,146,147,147,148,148,148,149,153,154,155,160,161,163,166,171,172,172,180,184,185,190,198,201,201,214,216,231,239,258,263,263,289,294,310,321,326,330,330,342,344,345,347,356,360,360,368,370,371,374,376,377,377,377,377,377,378,378
浦安市,416,429,432,436,442,451,461,474,483,495,509,529,556,574,609,630,648,668,678,700,718,735,743,755,762,767,770,780,792,797,804,817,820,828,829,836,837,840,840,841,842,844,845,849,851,852,853,857,859,861,863,864,864,864,865,865,867,868,871,875,876,877,878,880,880,882,882,884,886,886,887,889,891,893,895,897,902,908,909,917,920,920,921,921,921,922,925,926,926,930,944,947,949,954,954,961,963,970,978,981,996,1006,1011,1014,1019,1032,1036,1044,1050,1053,1059,1066,1075,1087,1092,1094,1099,1108,1116,1130,1134,1141,1145,1150,1153,1164,1175,1178,1187,1191,1202,1212,1219,1224,1231,1238,1240,1244,1249,1255,1257,1260,1260,1261,1266,1274,1275,1275,1280,1283,1287,1288,1293,1295,1301,1302,1304,1305,1307,1310,1314,1317,1319,1324,1326,1332,1338,1342,1344,1351,1352,1353,1355,1360,1363,1365,1371,1373,1375,1378,1387,1393,1397,1401,1404,1406,1409,1410,1414,1417,1423,1424,1432,1446,1451,1460,1463,1470,1476,1493,1501,1512,1521,1531,1531,1534,1565,1589,1609,1620,1654,1696,1746,1780,1800,1824,1846,1876,1912,1956,1996,2032,2066,2096,2134,2165,2256,2362,2416,2487,2538,2605,2638,2656,2675,2703,2709,2748,2789,2818,2884,2920,2957,3007,3066,3083,3160,3238,3271,3292,3309,3322,3335,3352,3360,3363,3371,3379,3381,3387
四街道市,132,132,135,137,139,140,142,148,151,156,159,161,162,171,172,182,187,197,201,206,216,223,231,240,245,252,262,266,273,279,290,296,300,303,305,308,308,308,311,311,311,312,312,314,314,314,317,321,323,326,327,329,330,332,334,334,340,342,345,346,353,367,367,370,372,381,383,385,390,397,400,403,403,403,403,406,406,407,408,410,410,410,411,412,412,413,414,415,416,417,420,422,425,426,428,428,429,430,433,437,441,445,445,446,449,452,453,459,460,461,462,467,467,467,470,471,471,473,477,478,478,480,480,482,484,485,486,486,487,488,490,492,494,497,497,498,499,500,502,502,507,508,510,510,510,511,514,516,517,519,519,519,520,520,521,524,524,524,526,527,529,530,530,531,532,533,533,533,533,533,535,538,539,544,550,552,560,563,563,566,567,574,576,582,585,585,592,595,597,597,598,601,602,602,603,607,609,614,617,621,622,628,638,647,653,660,668,671,675,676,684,690,696,699,708,718,736,746,757,760,766,771,781,791,804,811,823,861,883,914,922,972,1038,1082,1149,1174,1187,1212,1241,1277,1313,1344,1371,1404,1416,1451,1481,1492,1502,1514,1527,1539,1549,1568,1573,1579,1588,1592,1594,1594
袖ケ浦市,66,71,72,72,73,74,81,90,102,102,102,110,113,120,128,136,136,140,142,143,145,146,147,147,147,151,151,152,153,153,153,153,153,153,153,153,154,155,156,158,159,159,159,161,161,162,162,164,164,164,164,165,166,166,167,168,169,169,169,172,173,173,173,173,173,173,173,173,173,173,173,173,173,174,174,174,175,175,175,175,175,175,176,178,180,180,180,181,181,183,184,184,184,184,184,184,185,186,187,187,187,187,187,188,190,190,190,190,190,190,190,190,190,190,190,190,190,190,190,190,190,190,191,191,191,193,194,194,194,196,197,200,200,200,200,200,204,204,206,207,208,208,208,208,208,209,209,210,213,213,213,213,213,215,221,222,222,226,230,231,236,242,244,244,249,250,252,254,257,257,257,258,258,264,266,267,268,268,269,270,271,274,274,275,275,276,276,276,277,277,277,277,280,283,283,285,285,288,288,291,293,295,298,298,304,305,307,312,314,319,321,330,330,337,342,348,353,362,369,369,379,384,384,395,408,413,415,433,441,460,468,482,492,492,508,511,518,524,533,541,542,562,564,571,574,582,591,591,592,592,594,601,602,606,606,607,609,612,613,616
八街市,122,126,129,130,134,138,140,145,152,158,160,161,161,169,171,175,176,182,183,186,190,198,202,204,204,213,228,237,249,256,258,264,285,289,300,303,313,313,332,333,341,345,346,348,349,355,361,363,365,370,371,377,389,389,391,398,398,401,405,409,411,414,417,419,420,420,423,423,423,427,429,432,433,435,435,435,435,435,435,435,436,436,437,438,440,440,440,442,442,442,447,447,448,448,448,448,448,452,452,454,455,455,456,456,459,461,464,465,467,467,468,469,470,470,472,472,472,472,475,476,477,479,484,484,486,486,487,488,489,489,489,489,493,495,495,497,497,497,497,497,498,498,500,503,503,504,507,508,508,508,508,508,509,510,511,513,514,514,514,515,515,515,515,516,516,517,517,518,518,518,518,519,519,522,524,524,524,526,526,528,528,529,529,530,532,533,535,537,538,538,539,542,542,542,542,544,547,548,550,551,551,552,553,555,556,556,556,557,559,561,562,563,566,566,567,568,580,586,588,591,595,598,602,611,613,621,637,657,664,676,683,705,734,757,797,815,828,835,845,868,875,887,900,906,913,922,930,937,938,943,948,955,955,959,960,961,962,962,967,967
印西市,140,144,145,149,151,158,163,168,172,178,186,190,193,205,214,218,222,227,242,243,248,254,258,265,265,267,273,276,284,290,301,301,305,307,332,334,336,336,345,346,352,352,352,353,354,379,379,380,399,401,401,402,402,402,404,405,405,408,408,408,410,412,413,415,417,420,420,422,423,423,423,423,423,424,424,426,428,433,435,436,436,437,439,440,440,441,441,441,442,442,448,448,449,453,453,453,454,454,454,454,456,457,457,460,464,464,465,468,470,470,473,473,477,479,485,485,486,489,492,498,500,504,507,511,518,521,521,523,526,526,528,532,535,541,543,546,548,548,552,556,557,561,561,561,563,564,564,564,564,564,564,564,564,566,569,570,571,571,572,573,573,573,573,573,574,575,576,576,576,576,580,581,581,582,583,583,584,587,587,592,592,597,599,602,603,603,606,607,607,609,610,611,612,612,612,613,613,613,615,621,623,626,629,634,636,637,638,645,652,656,659,666,671,672,675,679,704,707,716,718,724,728,731,733,736,742,756,781,795,816,823,858,915,942,999,1041,1061,1064,1085,1108,1129,1139,1167,1185,1193,1207,1216,1229,1240,1248,1258,1266,1269,1277,1282,1287,1289,1297,1300,1301
白井市,79,94,100,102,109,117,126,134,138,141,160,160,161,173,182,187,187,202,204,210,211,216,217,224,224,227,230,234,236,237,238,239,239,241,241,243,243,243,244,244,245,246,246,246,246,246,248,248,249,249,251,251,253,255,257,257,259,260,260,261,263,265,265,268,268,270,272,274,275,276,277,280,282,283,283,283,283,284,284,285,286,287,288,291,291,293,293,293,293,293,297,298,301,304,306,307,307,307,308,309,309,309,309,309,309,309,309,309,309,309,310,314,314,315,316,316,319,320,325,328,329,338,341,341,342,342,343,343,346,347,349,350,352,353,354,356,357,357,359,361,364,366,366,366,368,371,371,371,371,371,372,372,376,377,378,379,380,380,380,380,380,381,381,383,383,383,383,384,384,384,384,385,385,386,386,387,388,389,389,390,394,394,394,394,395,395,397,398,398,402,403,404,404,404,404,404,407,409,411,414,414,416,417,421,421,424,424,428,433,436,438,439,440,440,445,446,456,467,471,471,476,482,483,488,491,495,497,509,512,521,523,533,565,582,609,626,634,634,650,661,675,683,692,695,696,711,714,719,719,722,722,725,728,730,737,740,741,742,744,746
富里市,78,80,81,82,83,85,89,96,101,107,112,117,124,131,133,138,140,147,152,158,165,171,177,184,189,198,201,206,210,247,251,252,256,262,264,271,279,282,290,292,293,301,311,311,312,315,316,316,317,322,324,328,330,331,334,334,344,347,347,350,353,357,357,357,358,361,362,362,363,363,364,365,365,366,366,368,369,370,371,372,372,372,376,376,378,378,378,378,378,378,378,378,378,378,378,378,378,378,379,379,379,380,380,381,381,382,383,383,383,383,384,385,387,389,392,392,392,394,394,394,394,394,395,399,399,400,400,400,401,402,402,405,407,408,408,408,410,410,412,414,416,417,421,422,423,425,427,429,429,432,433,433,434,435,436,439,439,440,440,441,443,443,445,447,448,448,448,450,451,454,455,455,457,460,460,461,461,465,466,468,469,470,470,473,476,477,477,477,477,477,477,478,478,479,479,480,482,483,484,485,485,486,488,489,490,490,495,496,500,508,511,516,524,531,532,545,549,554,556,559,562,573,578,584,588,597,609,612,615,621,623,643,652,657,659,672,690,695,705,719,724,725,734,740,750,754,760,763,768,771,781,785,787,791,792,793,800,805,807,810
南房総市,32,32,32,32,33,34,35,35,35,36,36,36,37,37,38,38,38,38,38,38,38,39,40,40,40,40,40,40,41,41,41,41,41,41,41,41,41,41,41,41,41,41,41,41,41,41,41,41,43,43,45,47,47,48,49,49,50,51,65,65,65,66,66,66,67,67,67,68,68,68,68,69,69,69,69,69,69,69,69,69,69,70,70,70,70,70,70,70,70,70,70,71,71,71,71,71,71,71,71,71,71,71,71,71,71,71,71,71,71,71,71,71,71,71,71,71,71,71,71,71,71,71,71,71,71,71,71,72,72,72,72,72,72,72,72,72,72,72,72,72,72,72,72,72,72,72,72,72,72,72,72,72,72,72,72,72,72,72,72,72,72,72,72,72,72,72,72,72,72,72,72,72,72,72,72,72,72,72,72,72,73,74,74,74,74,74,74,74,74,74,74,74,74,75,77,77,77,77,77,79,79,83,84,84,88,88,90,90,93,93,93,94,94,96,99,105,111,128,135,135,143,143,146,150,151,151,151,155,155,157,164,182,191,203,207,211,216,228,231,233,233,236,241,243,247,247,249,249,249,249,250,251,251,251,251,251,253,253,253,253
匝瑳市,29,29,29,29,29,29,30,32,32,32,33,34,34,35,39,41,41,41,41,41,43,44,50,51,51,53,54,55,56,56,57,57,57,58,58,61,64,64,64,64,64,64,64,64,64,64,64,65,65,65,65,65,65,65,65,65,65,65,66,66,66,66,66,66,67,67,68,68,68,68,68,68,68,68,68,68,68,68,68,68,69,69,69,69,69,69,69,69,69,69,69,69,69,69,69,69,69,69,69,70,71,71,71,71,71,71,71,73,73,73,73,73,73,73,75,76,76,76,76,78,78,79,79,79,79,79,79,83,83,83,83,83,83,83,84,86,86,86,86,86,86,86,86,86,86,86,86,86,86,86,86,86,86,86,86,86,86,86,87,87,87,87,87,87,87,87,87,88,88,88,88,88,88,88,88,88,88,88,88,88,88,88,88,88,88,88,88,88,90,90,90,90,90,90,91,92,93,93,93,93,94,94,94,99,99,100,100,100,100,100,100,102,110,110,111,111,113,113,114,117,117,117,118,118,118,122,138,142,151,158,165,170,171,175,178,180,183,186,189,190,193,196,198,200,203,204,208,212,214,217,218,218,218,219,219,219,221,222,223,223
香取市,56,56,57,57,58,58,61,65,67,69,69,69,73,74,76,79,81,82,85,85,87,95,97,103,104,105,105,106,109,113,116,117,119,122,124,127,127,128,128,128,128,129,129,129,129,129,129,131,131,132,132,132,132,132,137,140,140,140,140,140,140,140,140,140,140,141,141,141,141,141,142,142,142,142,142,142,143,143,143,143,143,143,143,143,143,143,143,143,143,144,144,145,145,145,145,146,146,146,146,146,146,146,146,146,146,146,147,147,147,147,147,147,147,148,148,148,150,150,150,150,151,153,153,153,153,153,153,153,154,155,155,157,158,159,160,160,160,162,163,164,165,168,168,168,168,168,169,169,169,169,169,169,173,174,175,175,175,175,175,175,177,181,181,181,181,181,181,182,183,183,183,183,183,183,183,186,187,187,187,187,189,189,189,190,190,190,190,190,191,191,191,191,191,191,192,193,193,193,193,193,194,194,196,196,197,197,198,199,201,202,204,208,215,215,216,226,240,244,259,272,276,279,279,286,301,311,327,328,337,338,353,366,375,375,391,396,404,407,413,417,417,421,422,431,437,443,449,451,453,460,468,472,474,479,479,481,488,492,495,498
山武市,40,42,44,44,46,46,49,53,60,61,64,65,66,69,70,73,73,75,75,75,75,75,76,76,76,77,80,83,89,91,91,98,98,100,101,101,102,102,104,106,107,107,109,109,109,109,109,109,109,109,109,109,110,110,112,116,118,118,118,123,123,135,135,144,146,146,146,148,149,149,151,151,151,151,153,153,154,154,154,154,155,155,155,156,156,156,156,156,156,156,157,158,158,158,158,158,158,158,159,159,159,160,160,160,160,160,160,160,160,160,160,160,160,160,160,160,160,160,160,161,161,162,162,162,162,162,162,162,162,162,162,162,162,162,162,162,162,162,166,166,168,168,169,170,174,174,174,174,174,174,174,175,175,175,175,175,175,175,175,177,177,177,177,177,177,177,177,179,179,179,179,181,181,181,181,181,181,181,181,181,181,181,181,181,181,182,182,183,183,183,185,185,185,187,187,188,192,192,192,194,194,194,196,196,199,199,199,201,201,204,207,209,209,214,216,216,219,219,230,239,239,246,248,255,257,264,269,288,309,317,325,336,352,358,361,367,375,383,395,408,416,419,432,435,440,457,463,467,476,476,478,482,487,489,490,491,493,494,498,499
いすみ市,14,15,17,19,21,21,21,22,22,22,23,23,27,27,28,28,29,29,31,33,33,34,35,35,37,41,41,41,41,41,41,41,42,42,42,42,42,42,42,42,42,42,42,42,42,42,42,42,42,42,43,43,43,43,45,45,45,45,45,45,45,45,45,45,45,46,46,46,46,46,46,46,46,46,46,46,46,47,47,47,47,47,48,49,49,49,52,52,52,52,57,62,64,67,67,67,67,67,67,67,67,67,67,69,69,69,69,69,69,70,72,72,74,74,74,74,74,74,74,75,77,77,78,78,78,78,78,79,79,79,79,79,79,79,79,79,79,79,79,79,80,80,80,80,80,80,81,81,83,83,84,84,84,84,84,85,85,85,85,86,86,86,86,86,86,86,86,86,86,86,86,86,86,86,86,86,86,86,86,86,86,86,86,86,86,86,86,87,87,87,87,87,87,87,87,87,89,89,89,89,89,90,90,90,90,90,90,96,96,101,102,102,102,102,111,112,116,121,121,121,121,122,123,129,134,140,140,140,154,162,173,179,180,180,194,209,221,238,244,244,244,247,256,261,268,272,272,272,278,283,283,284,286,287,287,293,295,296,296,296
大網白里市,42,43,43,43,44,44,50,55,55,58,58,59,62,62,65,68,69,69,70,70,70,70,70,70,71,72,73,74,74,74,74,76,77,77,78,78,78,78,78,78,79,81,81,81,81,82,84,84,84,84,87,87,89,89,90,91,92,92,92,92,92,93,95,95,97,98,98,100,101,101,103,103,103,103,104,104,104,104,104,104,105,105,106,110,110,110,110,111,111,111,111,111,111,111,111,111,111,112,114,114,114,115,115,115,115,115,115,115,115,115,115,115,115,115,115,115,115,115,115,116,117,121,123,126,126,128,128,128,128,132,132,133,133,133,133,133,133,133,133,134,134,134,134,134,135,135,135,135,135,135,135,135,135,135,135,135,135,136,136,136,136,138,138,138,138,138,138,138,138,138,138,139,139,139,141,141,141,141,142,143,143,143,146,146,146,148,148,150,154,155,157,157,157,162,163,164,165,165,165,167,167,168,168,168,169,169,169,173,176,178,184,186,187,193,198,201,203,203,209,219,221,229,232,235,241,254,259,267,281,286,292,301,327,344,355,363,366,376,387,392,399,403,408,413,425,434,443,444,447,449,449,450,450,450,452,452,452,454,455,458
酒々井町,29,29,29,29,29,31,32,33,37,39,40,40,41,41,44,46,47,48,49,50,50,50,53,54,54,55,56,57,59,62,62,65,69,69,69,69,71,71,72,72,79,81,82,84,93,94,94,94,95,97,98,99,99,99,99,99,99,99,99,100,100,100,101,101,101,102,102,103,103,103,103,103,103,103,103,103,103,103,103,103,103,103,103,103,103,103,103,103,103,103,107,107,107,107,107,107,107,107,107,107,108,108,108,108,111,112,112,112,112,112,112,113,114,114,115,115,115,116,116,117,117,117,117,117,117,117,117,117,117,117,118,118,118,118,118,118,118,118,119,119,119,120,121,122,123,123,124,126,126,126,126,126,126,126,126,126,126,126,126,126,126,126,126,127,127,127,128,128,128,128,128,128,128,128,128,129,129,129,129,129,129,129,130,130,130,130,130,130,130,130,131,132,132,132,132,132,132,133,133,133,134,136,136,139,139,139,139,139,141,141,142,142,142,143,143,143,147,150,151,151,151,151,153,153,154,155,159,164,165,170,172,179,198,205,213,219,219,219,223,227,227,227,231,235,236,237,240,243,243,246,246,246,246,247,247,247,247,247,247,247
栄町,18,18,19,19,19,20,21,22,22,24,24,24,26,26,29,30,31,32,34,34,34,35,35,36,54,56,59,59,67,67,68,70,72,74,76,77,78,78,78,78,78,78,79,80,80,82,82,83,83,83,83,85,85,86,86,86,86,86,87,87,87,89,90,92,92,92,92,92,93,93,93,93,93,94,94,94,94,94,96,96,96,96,96,97,97,97,97,97,97,97,98,99,99,99,100,101,101,101,101,101,101,101,101,101,101,101,102,102,102,102,103,103,104,104,105,105,105,105,105,107,107,107,107,108,109,109,109,109,109,109,109,109,109,109,109,110,111,111,111,111,111,111,111,111,112,112,112,112,114,115,115,115,115,115,115,115,115,115,115,116,116,116,116,116,116,116,116,116,116,116,116,116,116,116,116,116,116,117,117,117,117,120,120,122,122,122,124,124,124,125,125,125,125,125,125,125,125,125,126,126,126,126,127,127,128,128,128,128,128,128,128,128,128,129,129,129,130,130,130,130,130,130,132,132,132,133,136,138,138,140,140,145,146,150,153,154,157,157,159,160,161,162,162,164,168,171,172,174,174,175,177,178,180,180,182,182,184,184,187,187
神崎町,3,3,3,3,3,3,4,7,7,8,8,9,9,9,10,10,10,10,10,10,10,10,11,11,11,12,12,12,12,12,12,13,13,13,13,14,14,14,14,14,14,14,14,14,14,14,14,14,14,14,14,14,14,14,14,14,14,14,14,14,14,14,14,17,17,17,17,17,17,17,17,17,17,17,17,17,17,17,17,17,17,17,17,17,17,17,17,17,17,17,17,17,17,17,17,17,17,17,17,17,17,17,17,17,17,17,17,17,17,17,17,17,19,20,20,20,20,20,20,20,20,20,20,20,20,20,21,22,22,22,22,23,24,24,24,24,24,24,24,24,26,26,26,26,26,27,27,27,27,27,27,27,27,27,29,30,30,30,30,30,30,30,30,30,30,30,30,30,31,32,32,32,32,32,32,32,32,32,32,32,32,32,32,32,32,32,32,32,32,32,32,32,32,32,32,32,32,33,33,33,33,34,35,35,35,35,35,35,35,36,39,39,39,39,39,40,40,40,40,40,40,40,40,42,43,43,43,43,43,43,44,44,44,44,44,44,44,45,45,45,45,47,48,49,49,49,49,49,49,49,49,49,49,50,50,50,50,50,50,50
多古町,9,9,9,9,10,10,11,12,15,15,16,16,16,17,19,20,20,20,20,20,20,21,22,22,22,22,22,22,23,23,23,23,23,23,23,23,23,23,23,23,23,23,23,23,23,23,23,23,23,23,23,23,23,23,23,23,24,24,24,24,24,24,24,24,24,24,24,24,24,24,24,24,25,25,25,25,25,25,25,25,25,25,25,25,25,25,25,25,25,25,25,25,25,25,25,25,25,25,25,25,25,25,25,25,25,25,25,25,25,25,25,25,25,25,25,25,25,25,25,25,25,25,25,25,25,25,25,25,25,25,25,25,25,25,25,25,25,25,25,25,25,25,25,25,25,26,28,29,29,29,29,29,29,29,29,29,29,29,29,29,29,29,29,30,38,38,40,40,40,40,40,40,40,40,42,43,43,43,43,43,43,45,45,45,45,45,45,45,45,45,45,45,45,45,45,45,45,45,45,45,45,45,45,45,45,45,45,45,45,45,46,46,51,51,51,51,52,52,52,52,52,52,52,54,54,55,60,60,62,62,64,65,65,65,67,68,69,70,70,70,70,70,70,71,71,73,76,76,77,77,77,79,79,79,79,79,79,79,80,80
東庄町,76,76,76,76,76,76,76,76,77,77,77,77,77,78,78,78,78,78,78,78,78,78,78,78,78,78,78,78,78,78,78,78,78,79,80,80,80,80,80,80,80,80,80,80,80,80,80,80,80,80,80,80,80,80,80,80,80,80,81,81,81,81,81,81,81,81,81,81,81,81,81,81,81,81,81,81,81,81,81,81,81,81,81,81,81,81,81,81,81,81,81,81,81,81,81,81,81,81,81,81,81,81,81,81,82,82,82,82,82,82,84,84,84,84,84,84,84,84,84,84,84,84,84,84,84,84,84,84,84,85,85,88,88,88,88,88,88,88,88,88,88,88,88,88,88,88,88,88,88,88,89,89,89,89,89,92,92,92,92,92,92,92,92,92,92,92,92,92,92,92,92,92,92,92,92,92,92,92,92,92,92,92,92,92,92,92,92,92,92,92,92,92,92,99,99,99,100,100,100,100,100,100,100,100,100,100,100,102,104,105,109,109,109,109,109,112,113,113,113,115,116,117,117,119,122,124,126,126,127,127,128,131,132,132,132,133,135,136,137,137,137,139,142,142,143,143,143,143,143,143,143,143,143,145,145,145,145,145,145,145
九十九里町,8,8,8,8,9,9,10,10,10,13,13,13,13,13,13,13,13,13,13,13,16,18,19,20,20,21,21,21,21,21,21,21,21,21,21,21,21,21,21,21,21,21,21,21,21,21,21,21,21,21,21,21,21,23,23,23,23,23,23,23,23,25,25,28,28,28,28,29,29,29,31,31,31,31,32,33,34,34,34,34,34,34,34,34,34,34,34,34,34,34,34,34,34,34,35,36,36,37,37,37,37,37,37,37,37,37,37,37,37,37,37,38,38,38,38,38,38,38,38,39,39,39,39,39,39,39,39,39,39,39,39,39,39,39,39,39,39,39,39,39,39,39,39,39,39,39,39,39,39,39,39,39,39,39,39,39,39,39,39,39,39,39,39,39,40,40,40,40,40,40,40,40,40,40,40,40,40,40,41,41,41,41,41,41,41,41,41,41,42,42,42,42,42,42,42,42,42,42,42,42,42,42,42,42,42,42,42,44,44,45,45,45,45,46,46,47,48,48,49,51,51,54,55,55,56,57,57,58,59,59,61,64,67,67,67,70,72,76,81,82,83,83,89,90,96,101,101,101,101,102,103,104,105,106,106,106,106,106,107,107
芝山町,8,8,8,8,8,8,8,9,9,9,10,10,12,12,14,19,23,24,24,24,24,24,24,25,25,25,25,25,25,25,25,25,25,26,26,26,27,27,27,27,27,27,28,28,28,28,29,29,29,29,29,29,29,29,29,30,30,30,30,30,30,30,30,30,30,30,30,30,30,30,30,30,30,30,30,30,30,32,32,32,32,32,32,32,32,32,32,32,32,32,32,32,32,32,32,32,32,32,32,32,32,32,32,32,32,32,32,32,32,32,32,32,32,32,32,32,32,32,32,32,32,32,32,32,32,32,32,32,32,33,33,33,34,34,34,34,36,36,36,37,37,37,37,37,37,37,37,37,37,37,38,39,39,39,39,39,39,39,39,40,40,40,40,40,40,40,40,40,40,40,40,40,40,40,40,40,40,40,40,40,40,40,41,41,41,41,41,41,41,41,41,41,41,41,41,41,41,41,41,41,41,41,41,41,41,41,41,41,41,41,42,42,42,44,48,48,48,48,48,48,48,49,49,49,49,50,50,50,50,52,52,53,54,56,56,57,57,59,60,60,61,61,62,63,63,63,63,63,64,64,64,65,65,66,66,66,66,66,66,66
横芝光町,19,19,19,19,20,20,21,21,21,22,22,22,23,23,24,24,24,24,26,26,28,28,30,30,30,31,31,32,32,33,33,33,33,33,33,33,33,33,33,33,33,33,33,33,33,33,33,33,33,33,33,33,33,33,33,33,33,33,33,33,33,34,34,34,34,34,34,34,34,34,34,34,34,34,34,34,34,34,34,34,34,34,34,34,34,34,34,36,36,36,36,36,36,36,36,36,36,36,36,36,36,36,36,36,36,36,36,36,36,36,36,36,36,36,36,36,36,36,36,36,36,36,36,36,36,36,36,36,36,36,36,36,36,36,36,36,38,38,38,39,39,39,39,39,39,39,39,39,39,39,40,40,40,42,42,42,42,43,43,43,43,43,43,43,43,43,43,43,43,43,43,43,43,44,44,48,48,48,48,48,49,49,51,51,51,51,51,51,51,51,51,51,51,52,55,59,59,59,59,61,63,65,65,65,66,66,66,67,68,69,71,71,71,73,75,76,76,76,80,80,80,82,82,83,87,91,92,103,105,109,113,115,116,121,126,128,131,137,139,142,144,147,149,150,155,162,163,163,165,166,168,169,171,175,175,175,175,175,177,177
一宮町,4,4,4,4,4,4,5,5,5,5,5,5,5,5,5,6,6,7,7,7,7,7,7,7,7,7,7,8,8,8,8,8,8,8,8,8,8,8,8,8,8,8,8,8,8,8,8,8,8,8,8,8,8,8,9,9,9,9,9,9,9,9,9,9,9,9,9,10,10,10,10,10,10,10,10,10,10,10,10,10,10,10,10,10,10,10,10,10,13,13,13,13,13,13,13,13,13,13,13,14,14,14,14,15,17,17,17,17,17,17,18,18,18,19,21,21,21,21,21,22,22,22,22,22,22,22,22,22,22,22,22,22,22,22,22,22,22,22,22,22,22,22,22,22,22,22,22,22,22,22,23,23,23,23,24,24,24,24,24,25,25,25,25,25,25,25,25,25,25,25,25,25,25,25,25,25,25,25,25,25,25,26,26,26,27,27,27,27,27,27,27,27,27,27,27,27,27,27,27,28,28,28,28,28,29,32,33,34,34,37,40,44,45,45,47,50,53,60,64,66,74,74,80,83,85,87,89,89,90,90,91,93,95,95,97,99,99,101,103,105,105,106,109,109,109,109,110,112,112,112,112,112,112,113,113,113,113,113,113,113
睦沢町,1,1,1,1,1,1,1,2,2,3,4,4,4,4,4,4,4,4,4,4,4,4,4,4,5,5,5,5,5,5,5,8,8,9,9,9,9,9,9,9,9,9,9,9,9,9,9,9,9,9,9,9,9,9,9,9,9,9,9,9,9,9,9,9,9,9,9,9,9,9,9,9,9,9,9,9,9,9,9,9,9,9,10,10,11,11,11,11,11,11,11,11,11,11,11,11,11,11,11,11,11,12,12,13,13,13,13,13,13,13,13,13,13,13,13,13,13,13,13,13,13,13,13,13,13,13,14,15,15,15,15,15,16,16,16,16,16,16,16,16,16,16,16,16,16,16,16,16,16,16,16,16,16,16,16,16,16,16,16,16,16,16,16,16,16,16,16,16,16,16,16,16,16,16,16,16,16,16,16,16,16,16,16,16,16,16,16,16,16,16,16,16,16,16,16,16,16,16,16,16,16,16,16,17,17,17,17,17,17,17,17,17,17,17,17,17,18,19,20,20,20,20,20,20,20,22,22,23,25,25,25,26,29,29,29,29,29,29,29,29,29,29,29,30,30,30,31,31,31,31,31,31,31,31,31,31,31,31,32,32
長生村,5,5,5,5,5,5,5,6,9,9,9,9,9,10,10,10,10,11,12,12,12,12,12,12,15,15,15,15,15,15,15,15,16,16,16,16,16,16,16,16,17,17,17,17,17,17,17,17,17,17,17,17,17,17,17,17,17,17,17,17,17,17,17,17,17,17,17,17,17,17,17,17,17,17,17,17,17,18,18,18,20,20,21,22,22,22,22,22,22,22,22,22,22,22,22,22,22,22,23,23,23,23,23,24,24,25,25,25,25,25,26,26,26,26,26,26,27,28,28,28,28,29,30,30,30,30,30,30,30,30,31,31,31,32,32,32,32,32,32,32,32,32,32,32,32,32,34,34,34,34,34,34,34,34,34,34,34,34,34,34,34,34,34,34,34,34,34,34,34,34,34,34,34,34,34,35,35,35,35,35,35,35,35,36,36,37,37,37,37,37,37,37,37,37,37,37,38,38,38,38,39,39,39,39,39,39,39,39,39,41,42,43,43,43,45,46,46,47,50,60,63,63,64,65,70,74,74,75,75,75,80,84,91,91,92,95,95,97,98,102,104,107,111,115,117,119,120,121,121,124,126,126,128,128,129,129,129,129,131,131
白子町,4,4,4,4,4,4,4,4,4,4,5,5,5,5,5,6,6,9,10,10,10,10,10,10,11,11,11,12,12,12,12,12,12,12,12,12,12,12,12,12,12,12,12,12,12,12,12,12,12,12,12,12,12,12,12,12,12,12,12,13,13,13,13,13,13,13,13,13,13,13,13,13,13,13,13,13,13,13,13,13,13,13,13,13,13,13,13,13,13,13,13,13,13,13,13,13,13,13,17,17,17,17,17,17,17,17,17,17,17,17,17,17,17,17,17,17,17,17,17,17,17,17,17,17,17,17,17,17,17,17,17,17,17,17,17,19,19,19,19,20,20,20,20,20,20,20,20,20,20,20,20,20,20,20,20,21,21,21,21,21,21,21,21,21,21,21,21,22,22,22,22,22,22,22,22,22,22,22,22,22,22,22,22,22,22,22,22,22,22,22,22,23,23,23,23,23,23,23,23,23,23,23,23,24,25,25,25,25,25,26,26,28,28,28,28,31,34,34,35,36,41,41,41,41,41,44,44,44,44,44,44,45,45,45,45,45,45,47,48,54,56,57,57,57,57,58,61,62,64,65,66,67,67,67,67,67,67,67,67,67
長柄町,,,,,,1,1,1,1,1,1,1,1,1,1,1,1,1,1,1,1,1,2,2,2,2,2,2,2,2,2,2,2,2,2,2,2,2,2,2,2,2,2,2,2,2,2,2,2,2,2,2,2,2,2,2,2,2,2,2,2,2,2,2,2,2,2,2,2,2,2,2,2,2,2,2,2,2,2,2,2,2,2,2,2,2,2,2,2,2,2,2,2,2,3,3,3,3,3,3,3,3,3,4,4,4,5,5,5,5,5,5,5,5,5,5,5,5,5,5,6,6,6,6,6,6,6,6,6,6,6,6,6,6,7,7,8,8,8,8,8,8,8,8,8,8,8,8,8,8,8,8,8,8,8,8,10,10,10,13,13,13,13,13,13,13,13,13,13,13,13,14,14,14,14,14,16,16,18,18,18,18,18,18,18,18,18,18,18,18,18,18,18,18,18,18,18,18,18,18,18,19,19,19,19,19,19,19,19,19,19,19,19,19,19,19,19,19,19,20,24,24,26,26,26,28,28,28,28,28,30,31,33,33,38,38,38,39,40,41,42,42,42,42,43,44,44,47,47,47,48,50,50,50,50,50,50,50,50,50
長南町,5,5,5,5,5,5,5,5,5,5,5,5,5,5,5,6,6,8,8,9,9,9,10,10,10,10,10,12,12,12,12,12,12,13,13,14,14,14,14,14,14,14,14,14,14,14,14,14,14,14,14,14,14,14,14,14,14,14,14,14,14,14,14,14,14,14,14,14,14,14,14,14,14,14,14,14,14,15,21,21,21,21,22,22,22,22,22,25,27,29,29,37,37,37,37,37,37,37,37,37,37,37,37,37,37,37,37,37,37,38,39,39,39,39,39,39,39,40,41,41,41,41,41,41,41,41,41,41,41,41,41,41,42,42,42,42,42,42,42,42,42,42,42,42,42,42,42,42,42,42,42,42,42,42,42,42,42,42,42,42,42,42,42,43,44,44,44,44,44,44,44,44,44,44,45,45,45,45,45,45,45,45,45,45,45,45,45,45,45,45,45,45,45,45,45,45,45,45,45,45,45,45,45,45,45,45,45,45,45,45,45,45,45,45,46,47,47,47,48,49,50,50,51,51,52,59,60,61,61,62,64,64,64,64,64,65,65,67,68,71,72,72,73,73,73,73,75,75,75,75,76,76,76,76,76,76,76,76,76,76
大多喜町,3,3,3,3,4,4,4,5,6,6,6,6,6,6,6,6,6,6,6,6,6,6,6,6,6,6,6,6,6,6,6,6,6,6,6,6,6,6,6,7,8,8,8,8,8,8,8,8,8,8,8,8,8,8,8,8,8,8,8,8,8,8,8,8,8,8,8,8,8,8,8,8,8,8,8,8,8,8,8,8,8,8,8,8,8,8,8,8,8,8,8,8,8,8,8,8,8,8,8,8,8,8,8,8,8,8,8,8,8,8,8,8,8,8,8,8,8,8,8,8,8,8,8,8,8,8,8,8,8,8,9,9,10,10,10,10,10,10,10,10,11,11,11,11,11,11,11,11,11,11,11,11,11,11,11,11,11,11,11,11,11,11,11,11,11,11,12,13,13,13,13,13,13,13,13,13,13,13,13,13,13,13,13,13,13,13,13,13,13,13,13,13,13,13,13,14,14,14,14,14,14,14,14,14,14,14,14,14,14,14,14,14,14,14,15,15,15,15,15,15,15,15,15,15,15,15,15,15,16,18,19,20,20,20,22,24,31,31,31,31,31,32,32,32,32,32,33,34,34,34,36,36,36,36,36,36,36,36,36,36
御宿町,,,,,,,,,,,,,2,2,8,8,8,8,8,8,8,8,8,8,8,8,8,8,8,8,8,8,8,8,8,8,8,8,8,8,8,8,8,8,8,8,8,8,8,8,8,8,8,8,8,8,8,8,8,8,8,8,8,8,8,8,8,8,8,8,8,8,8,8,8,8,8,9,9,9,9,9,9,9,9,9,10,10,10,11,11,14,14,14,14,14,14,14,14,14,14,14,14,14,14,14,14,14,14,14,14,14,14,14,14,14,14,14,14,14,14,14,15,15,15,15,15,15,15,15,15,15,15,15,15,15,15,15,15,15,15,15,15,15,15,15,15,15,15,15,15,15,15,15,15,15,15,15,15,17,17,17,17,17,17,17,17,17,17,17,17,17,17,17,17,17,18,18,18,18,18,19,20,21,21,21,22,22,22,22,22,22,22,22,23,23,24,24,24,24,25,25,25,25,25,25,25,25,25,25,25,25,25,25,25,25,25,25,25,25,25,25,25,25,25,25,25,25,26,27,28,28,29,29,30,35,35,40,40,40,40,41,41,44,44,47,47,47,47,47,47,47,47,47,47,47,47,47,47,47
鋸南町,,,,,,,,2,4,10,11,11,13,14,15,15,15,15,18,18,18,19,19,19,19,19,19,19,19,19,20,20,20,26,26,26,26,26,26,26,26,26,26,26,26,26,26,26,26,26,26,26,26,26,26,26,26,26,26,26,26,26,26,26,26,26,26,26,26,26,26,26,26,26,26,26,26,26,26,26,26,26,26,26,26,26,26,26,26,26,26,26,26,26,26,26,26,26,26,26,26,26,27,27,27,27,27,27,27,27,27,27,27,27,27,27,27,27,27,27,27,27,27,27,27,27,27,27,27,27,27,27,27,27,27,27,27,27,27,27,27,27,27,28,28,28,28,28,29,29,29,29,29,29,29,29,29,29,29,29,29,29,29,29,29,29,29,29,29,29,29,29,29,29,29,29,29,29,29,29,29,29,29,30,30,30,30,30,30,30,30,30,30,30,30,30,30,30,30,30,30,31,31,31,32,32,32,32,32,36,38,38,38,38,38,38,38,38,39,39,39,39,39,39,40,40,40,44,44,44,46,51,53,54,54,54,55,57,57,57,58,58,58,58,58,59,60,60,60,60,60,60,60,60,60,60,60,60,60,60
